Data Source,World Development Indicators,,,,,,,,,,,,,,,,,,,,,,,,,,,,,,,,,,,,,,,,,,,,,,,,,,,,,,,,,,,,,
,,,,,,,,,,,,,,,,,,,,,,,,,,,,,,,,,,,,,,,,,,,,,,,,,,,,,,,,,,,,,,
Last Updated Date,15/09/2021,,,,,,,,,,,,,,,,,,,,,,,,,,,,,,,,,,,,,,,,,,,,,,,,,,,,,,,,,,,,,
,,,,,,,,,,,,,,,,,,,,,,,,,,,,,,,,,,,,,,,,,,,,,,,,,,,,,,,,,,,,,,
Country Name,Country Code,Indicator Name,Indicator Code,1960,1961,1962,1963,1964,1965,1966,1967,1968,1969,1970,1971,1972,1973,1974,1975,1976,1977,1978,1979,1980,1981,1982,1983,1984,1985,1986,1987,1988,1989,1990,1991,1992,1993,1994,1995,1996,1997,1998,1999,2000,2001,2002,2003,2004,2005,2006,2007,2008,2009,2010,2011,2012,2013,2014,2015,2016,2017,2018
Aruba,ABW,"Incidence of malaria (per 1,000 population at risk)",SH.MLR.INCD.P3,,,,,,,,,,,,,,,,,,,,,,,,,,,,,,,,,,,,,,,,,,,,,,,,,,,,,,,,,,,
Africa Eastern and Southern,AFE,"Incidence of malaria (per 1,000 population at risk)",SH.MLR.INCD.P3,,,,,,,,,,,,,,,,,,,,,,,,,,,,,,,,,,,,,,,,,289.0842784,290.0000159,277.386874,273.9464031,265.2738165,243.6162037,231.3926917,220.0905077,208.0174423,210.7006005,203.509209,188.8008517,178.4032069,168.0461938,157.0517646,161.9508503,172.4050987,176.490676,167.3551763
Afghanistan,AFG,"Incidence of malaria (per 1,000 population at risk)",SH.MLR.INCD.P3,,,,,,,,,,,,,,,,,,,,,,,,,,,,,,,,,,,,,,,,,95.54279705,91.88577534,104.0125413,68.40912293,37.63771177,27.07910599,20.52610084,21.54893254,17.83623182,14.77170986,15.10549174,18.87057167,11.15049583,9.01498696,12.66637369,14.91168355,26.11071325,27.07227493,29.00589195
Africa Western and Central,AFW,"Incidence of malaria (per 1,000 population at risk)",SH.MLR.INCD.P3,,,,,,,,,,,,,,,,,,,,,,,,,,,,,,,,,,,,,,,,,424.5550435,418.3427687,404.2430421,399.5901824,396.2956996,392.482296,390.8623492,389.7478293,390.9838934,384.4746477,374.469746,359.5400735,345.2399253,329.9973257,313.3394206,298.3284642,288.2384484,284.9936282,284.3404987
Angola,AGO,"Incidence of malaria (per 1,000 population at risk)",SH.MLR.INCD.P3,,,,,,,,,,,,,,,,,,,,,,,,,,,,,,,,,,,,,,,,,324.4403319,328.2756452,312.3024977,315.3473086,319.6627512,323.6861264,313.8056482,286.7159905,241.1858311,204.3498625,185.515464,175.9889285,174.434566,180.9027027,187.943236,199.9920027,219.9919549,228.9089405,228.9089503
Albania,ALB,"Incidence of malaria (per 1,000 population at risk)",SH.MLR.INCD.P3,,,,,,,,,,,,,,,,,,,,,,,,,,,,,,,,,,,,,,,,,,,,,,,,,,,,,,,,,,,
Andorra,AND,"Incidence of malaria (per 1,000 population at risk)",SH.MLR.INCD.P3,,,,,,,,,,,,,,,,,,,,,,,,,,,,,,,,,,,,,,,,,,,,,,,,,,,,,,,,,,,
Arab World,ARB,"Incidence of malaria (per 1,000 population at risk)",SH.MLR.INCD.P3,,,,,,,,,,,,,,,,,,,,,,,,,,,,,,,,,,,,,,,,,25.78729914,25.29009803,21.69978907,20.2707594,18.41278448,18.82026146,17.83004922,16.95542414,12.34274455,10.83655684,12.05642523,10.21429489,10.31913109,10.12131541,10.25949185,10.86736077,12.77394266,13.68022945,13.70855325
United Arab Emirates,ARE,"Incidence of malaria (per 1,000 population at risk)",SH.MLR.INCD.P3,,,,,,,,,,,,,,,,,,,,,,,,,,,,,,,,,,,,,,,,,0,0,0,0,0,0,0,0,0,0,0,0,0,0,0,0,0,0,0
Argentina,ARG,"Incidence of malaria (per 1,000 population at risk)",SH.MLR.INCD.P3,,,,,,,,,,,,,,,,,,,,,,,,,,,,,,,,,,,,,,,,,2.386725467,1.153569627,0.663453781,0.640625082,0.597529864,1.295869673,1.079160495,1.950398395,0.648702595,0.424873896,0.068467023,0,0,0,0,0,0,0,0
Armenia,ARM,"Incidence of malaria (per 1,000 population at risk)",SH.MLR.INCD.P3,,,,,,,,,,,,,,,,,,,,,,,,,,,,,,,,,,,,,,,,,0.045934369,0.025895815,0.017139226,0.00960921,0.015662934,0.002347999,0,0,0,0,0,0,0,0,0,0,0,0,0
American Samoa,ASM,"Incidence of malaria (per 1,000 population at risk)",SH.MLR.INCD.P3,,,,,,,,,,,,,,,,,,,,,,,,,,,,,,,,,,,,,,,,,,,,,,,,,,,,,,,,,,,
Antigua and Barbuda,ATG,"Incidence of malaria (per 1,000 population at risk)",SH.MLR.INCD.P3,,,,,,,,,,,,,,,,,,,,,,,,,,,,,,,,,,,,,,,,,,,,,,,,,,,,,,,,,,,
Australia,AUS,"Incidence of malaria (per 1,000 population at risk)",SH.MLR.INCD.P3,,,,,,,,,,,,,,,,,,,,,,,,,,,,,,,,,,,,,,,,,,,,,,,,,,,,,,,,,,,
Austria,AUT,"Incidence of malaria (per 1,000 population at risk)",SH.MLR.INCD.P3,,,,,,,,,,,,,,,,,,,,,,,,,,,,,,,,,,,,,,,,,,,,,,,,,,,,,,,,,,,
Azerbaijan,AZE,"Incidence of malaria (per 1,000 population at risk)",SH.MLR.INCD.P3,,,,,,,,,,,,,,,,,,,,,,,,,,,,,,,,,,,,,,,,,8.168159167,5.611630608,2.657953901,2.506343858,1.986363052,1.232254517,0.720428428,0.538231908,0.35485111,0.380005846,0.240678521,0.01901466,0.014078757,0,0,0,0,0,0
Burundi,BDI,"Incidence of malaria (per 1,000 population at risk)",SH.MLR.INCD.P3,,,,,,,,,,,,,,,,,,,,,,,,,,,,,,,,,,,,,,,,,442.6607781,431.2350262,391.0705331,355.7391411,307.7711756,262.0456853,235.6769652,222.9154949,222.7746531,220.6495356,210.1978813,184.1450365,153.9276694,140.5884216,141.5075585,165.5009225,225.743378,250.2725129,250.2724964
Belgium,BEL,"Incidence of malaria (per 1,000 population at risk)",SH.MLR.INCD.P3,,,,,,,,,,,,,,,,,,,,,,,,,,,,,,,,,,,,,,,,,,,,,,,,,,,,,,,,,,,
Benin,BEN,"Incidence of malaria (per 1,000 population at risk)",SH.MLR.INCD.P3,,,,,,,,,,,,,,,,,,,,,,,,,,,,,,,,,,,,,,,,,410.9448283,428.659403,435.0686734,454.3093622,475.3834289,487.0416424,492.7307682,480.2427973,453.1691985,417.9566186,387.7550288,370.1063617,378.0328893,394.9973382,399.2375112,411.8236242,421.5764024,399.5579673,386.1823669
Burkina Faso,BFA,"Incidence of malaria (per 1,000 population at risk)",SH.MLR.INCD.P3,,,,,,,,,,,,,,,,,,,,,,,,,,,,,,,,,,,,,,,,,589.325713,588.4521435,580.5744476,566.2661332,537.0104898,506.7793131,493.7769598,503.8016692,533.3870443,552.0285913,551.2381089,539.5628568,527.5404055,487.5243304,436.0630817,400.0872748,401.7310626,399.9437614,398.733694
Bangladesh,BGD,"Incidence of malaria (per 1,000 population at risk)",SH.MLR.INCD.P3,,,,,,,,,,,,,,,,,,,,,,,,,,,,,,,,,,,,,,,,,7.180469891,6.914681656,6.667468361,6.440566427,6.235810038,6.053405865,4.523223866,4.891360326,7.803589597,8.172224722,4.334078051,3.947231602,2.201570951,1.544275742,3.298356943,2.717477185,1.863934215,1.947705584,0.692739752
Bulgaria,BGR,"Incidence of malaria (per 1,000 population at risk)",SH.MLR.INCD.P3,,,,,,,,,,,,,,,,,,,,,,,,,,,,,,,,,,,,,,,,,,,,,,,,,,,,,,,,,,,
Bahrain,BHR,"Incidence of malaria (per 1,000 population at risk)",SH.MLR.INCD.P3,,,,,,,,,,,,,,,,,,,,,,,,,,,,,,,,,,,,,,,,,,,,,,,,,,,,,,,,,,,
"Bahamas, The",BHS,"Incidence of malaria (per 1,000 population at risk)",SH.MLR.INCD.P3,,,,,,,,,,,,,,,,,,,,,,,,,,,,,,,,,,,,,,,,,,,,,,,,,,,,,,,,,,,
Bosnia and Herzegovina,BIH,"Incidence of malaria (per 1,000 population at risk)",SH.MLR.INCD.P3,,,,,,,,,,,,,,,,,,,,,,,,,,,,,,,,,,,,,,,,,,,,,,,,,,,,,,,,,,,
Belarus,BLR,"Incidence of malaria (per 1,000 population at risk)",SH.MLR.INCD.P3,,,,,,,,,,,,,,,,,,,,,,,,,,,,,,,,,,,,,,,,,,,,,,,,,,,,,,,,,,,
Belize,BLZ,"Incidence of malaria (per 1,000 population at risk)",SH.MLR.INCD.P3,,,,,,,,,,,,,,,,,,,,,,,,,,,,,,,,,,,,,,,,,8.708238838,6.602422782,6.263566919,5.830935155,5.597601627,7.910325809,4.198524547,4.095361337,2.550695064,1.179120358,0.674157303,0.315980725,0.141497299,0.083844435,0.0779257,0.036139063,0.015735951,0.026997424,0.011349965
Bermuda,BMU,"Incidence of malaria (per 1,000 population at risk)",SH.MLR.INCD.P3,,,,,,,,,,,,,,,,,,,,,,,,,,,,,,,,,,,,,,,,,,,,,,,,,,,,,,,,,,,
Bolivia,BOL,"Incidence of malaria (per 1,000 population at risk)",SH.MLR.INCD.P3,,,,,,,,,,,,,,,,,,,,,,,,,,,,,,,,,,,,,,,,,11.95221731,5.7365154,4.983909697,6.823235433,4.911089496,8.878989654,8.178879619,4.565783581,2.99523189,2.983425809,4.093001667,2.089215096,2.330476029,2.258942466,2.254780291,1.888961126,1.500554366,1.220001887,1.405473055
Brazil,BRA,"Incidence of malaria (per 1,000 population at risk)",SH.MLR.INCD.P3,,,,,,,,,,,,,,,,,,,,,,,,,,,,,,,,,,,,,,,,,21.44046584,12.98592264,11.17265798,12.6167805,13.83381903,17.42217472,15.29356061,13.84882767,8.611476998,8.355352885,9.811484901,7.083696352,6.379754257,4.822141907,3.597358084,3.881032675,3.222424261,5.234572354,5.124373531
Barbados,BRB,"Incidence of malaria (per 1,000 population at risk)",SH.MLR.INCD.P3,,,,,,,,,,,,,,,,,,,,,,,,,,,,,,,,,,,,,,,,,,,,,,,,,,,,,,,,,,,
Brunei Darussalam,BRN,"Incidence of malaria (per 1,000 population at risk)",SH.MLR.INCD.P3,,,,,,,,,,,,,,,,,,,,,,,,,,,,,,,,,,,,,,,,,,,,,,,,,,,,,,,,,,,
Bhutan,BTN,"Incidence of malaria (per 1,000 population at risk)",SH.MLR.INCD.P3,,,,,,,,,,,,,,,,,,,,,,,,,,,,,,,,,,,,,,,,,13.57036698,13.39168784,14.28295653,8.19197548,5.648187714,3.801528944,3.839844762,1.611768962,0.661982487,1.936397703,1.036921093,0.444410659,0.157944411,0.028540279,0.035707641,0.06312264,0.027514757,0.019937794,0.010747815
Botswana,BWA,"Incidence of malaria (per 1,000 population at risk)",SH.MLR.INCD.P3,,,,,,,,,,,,,,,,,,,,,,,,,,,,,,,,,,,,,,,,,17.87974495,7.034261628,3.282764601,1.631490196,1.041419269,1.245014701,4.008455631,1.033459976,1.934593877,2.098626164,1.691947197,0.510410656,0.224820975,0.53311453,1.498500056,0.370555292,0.805869861,2.051410439,0.588195538
Central African Republic,CAF,"Incidence of malaria (per 1,000 population at risk)",SH.MLR.INCD.P3,,,,,,,,,,,,,,,,,,,,,,,,,,,,,,,,,,,,,,,,,458.7617751,456.5700416,454.3609646,461.4657637,470.9874004,472.1004462,472.6344226,471.1081743,461.7851774,448.4502226,434.5103966,419.3345508,413.086389,406.8249495,393.0411716,379.9127609,362.0208816,347.327026,347.3269937
Canada,CAN,"Incidence of malaria (per 1,000 population at risk)",SH.MLR.INCD.P3,,,,,,,,,,,,,,,,,,,,,,,,,,,,,,,,,,,,,,,,,,,,,,,,,,,,,,,,,,,
Central Europe and the Baltics,CEB,"Incidence of malaria (per 1,000 population at risk)",SH.MLR.INCD.P3,,,,,,,,,,,,,,,,,,,,,,,,,,,,,,,,,,,,,,,,,,,,,,,,,,,,,,,,,,,
Switzerland,CHE,"Incidence of malaria (per 1,000 population at risk)",SH.MLR.INCD.P3,,,,,,,,,,,,,,,,,,,,,,,,,,,,,,,,,,,,,,,,,,,,,,,,,,,,,,,,,,,
Channel Islands,CHI,"Incidence of malaria (per 1,000 population at risk)",SH.MLR.INCD.P3,,,,,,,,,,,,,,,,,,,,,,,,,,,,,,,,,,,,,,,,,,,,,,,,,,,,,,,,,,,
Chile,CHL,"Incidence of malaria (per 1,000 population at risk)",SH.MLR.INCD.P3,,,,,,,,,,,,,,,,,,,,,,,,,,,,,,,,,,,,,,,,,,,,,,,,,,,,,,,,,,,
China,CHN,"Incidence of malaria (per 1,000 population at risk)",SH.MLR.INCD.P3,,,,,,,,,,,,,,,,,,,,,,,,,,,,,,,,,,,,,,,,,0.014787937,0.038875055,0.046421317,0.051512681,0.048884307,0.039200381,0.06286997,0.051774846,0.029252642,0.016225225,0.008669239,0.005816853,0.000419185,0.000146929,9.52E-05,6.59E-05,5.04E-06,0,0
Cote d'Ivoire,CIV,"Incidence of malaria (per 1,000 population at risk)",SH.MLR.INCD.P3,,,,,,,,,,,,,,,,,,,,,,,,,,,,,,,,,,,,,,,,,514.6153126,519.4744541,519.634201,520.0887656,518.6743068,510.0392476,506.5677721,509.9826563,510.0815748,494.4815949,469.2694823,442.1083196,396.275514,338.8686799,315.0741498,320.0353756,354.656096,362.3648106,330.5981605
Cameroon,CMR,"Incidence of malaria (per 1,000 population at risk)",SH.MLR.INCD.P3,,,,,,,,,,,,,,,,,,,,,,,,,,,,,,,,,,,,,,,,,386.3268425,387.0104106,383.4035606,394.5964343,411.642068,412.0680582,403.1249566,386.6806497,358.718898,322.9828799,295.5263879,265.1018406,245.1323039,243.0387321,244.0821744,254.4987256,264.3126261,262.2253376,246.9895914
"Congo, Dem. Rep.",COD,"Incidence of malaria (per 1,000 population at risk)",SH.MLR.INCD.P3,,,,,,,,,,,,,,,,,,,,,,,,,,,,,,,,,,,,,,,,,475.6758771,473.6078115,470.3684878,476.1494488,483.4280904,485.0501664,484.5461612,481.9267431,471.4284165,452.1751915,428.3077715,399.5854342,362.9999147,327.6229798,308.3863485,308.8253201,322.7710218,329.1286545,319.8410165
"Congo, Rep.",COG,"Incidence of malaria (per 1,000 population at risk)",SH.MLR.INCD.P3,,,,,,,,,,,,,,,,,,,,,,,,,,,,,,,,,,,,,,,,,384.5978474,373.1081782,347.4708009,338.8989746,334.5098146,322.760591,305.8548098,281.8256799,249.159227,226.3195349,220.9246332,224.3807627,224.6254432,231.0348565,231.8452849,226.7139447,233.3804323,240.6366563,235.0743074
Colombia,COL,"Incidence of malaria (per 1,000 population at risk)",SH.MLR.INCD.P3,,,,,,,,,,,,,,,,,,,,,,,,,,,,,,,,,,,,,,,,,24.01718679,37.36676007,32.20443438,27.6807175,21.19795771,17.67656521,17.29537687,18.34279984,11.41201994,11.15898959,16.42835354,8.316285535,8.251943068,7.024696603,5.484011842,6.939402111,10.83397512,7.47708519,8.501371736
Comoros,COM,"Incidence of malaria (per 1,000 population at risk)",SH.MLR.INCD.P3,,,,,,,,,,,,,,,,,,,,,,,,,,,,,,,,,,,,,,,,,71.78837594,69.98803731,68.29388214,66.68575632,65.13068667,63.6076027,62.11258455,60.64766904,59.21393978,57.80904893,52.97696376,35.17799875,68.85261755,71.68605725,2.901012655,1.672165519,1.436657001,3.968595265,18.75836515
Cabo Verde,CPV,"Incidence of malaria (per 1,000 population at risk)",SH.MLR.INCD.P3,,,,,,,,,,,,,,,,,,,,,,,,,,,,,,,,,,,,,,,,,1.293498374,0.944545471,0.659905529,0.581295948,0.379043127,0.56484035,0.655823715,0.145728928,0.279957446,0.513699983,0.366938097,0.053969453,0.007612552,0.165348886,0.192948475,0.051307611,0.347584289,3.026855291,0.014146473
Costa Rica,CRI,"Incidence of malaria (per 1,000 population at risk)",SH.MLR.INCD.P3,,,,,,,,,,,,,,,,,,,,,,,,,,,,,,,,,,,,,,,,,1.354889464,0.965348726,0.71133864,0.492652074,0.871650334,2.360783132,1.908742012,0.793321826,0.618401081,0.165586143,0.068660784,0.006166825,0.003656751,0,0,0,0.002332678,0.006926471,0.040004458
Caribbean small states,CSS,"Incidence of malaria (per 1,000 population at risk)",SH.MLR.INCD.P3,,,,,,,,,,,,,,,,,,,,,,,,,,,,,,,,,,,,,,,,,,,,,,,,,,,,,,,,,,,
Cuba,CUB,"Incidence of malaria (per 1,000 population at risk)",SH.MLR.INCD.P3,,,,,,,,,,,,,,,,,,,,,,,,,,,,,,,,,,,,,,,,,,,,,,,,,,,,,,,,,,,
Curacao,CUW,"Incidence of malaria (per 1,000 population at risk)",SH.MLR.INCD.P3,,,,,,,,,,,,,,,,,,,,,,,,,,,,,,,,,,,,,,,,,,,,,,,,,,,,,,,,,,,
Cayman Islands,CYM,"Incidence of malaria (per 1,000 population at risk)",SH.MLR.INCD.P3,,,,,,,,,,,,,,,,,,,,,,,,,,,,,,,,,,,,,,,,,,,,,,,,,,,,,,,,,,,
Cyprus,CYP,"Incidence of malaria (per 1,000 population at risk)",SH.MLR.INCD.P3,,,,,,,,,,,,,,,,,,,,,,,,,,,,,,,,,,,,,,,,,,,,,,,,,,,,,,,,,,,
Czech Republic,CZE,"Incidence of malaria (per 1,000 population at risk)",SH.MLR.INCD.P3,,,,,,,,,,,,,,,,,,,,,,,,,,,,,,,,,,,,,,,,,,,,,,,,,,,,,,,,,,,
Germany,DEU,"Incidence of malaria (per 1,000 population at risk)",SH.MLR.INCD.P3,,,,,,,,,,,,,,,,,,,,,,,,,,,,,,,,,,,,,,,,,,,,,,,,,,,,,,,,,,,
Djibouti,DJI,"Incidence of malaria (per 1,000 population at risk)",SH.MLR.INCD.P3,,,,,,,,,,,,,,,,,,,,,,,,,,,,,,,,,,,,,,,,,4.840882695,4.638851748,4.466660716,4.318304697,4.18569846,4.062154713,3.947295549,3.840887907,3.738943654,4.326689197,1.602978684,3.419329443,3.307057103,2.542266693,14.00532377,13.82062224,19.81161457,20.72178068,35.20855496
Dominica,DMA,"Incidence of malaria (per 1,000 population at risk)",SH.MLR.INCD.P3,,,,,,,,,,,,,,,,,,,,,,,,,,,,,,,,,,,,,,,,,,,,,,,,,,,,,,,,,,,
Denmark,DNK,"Incidence of malaria (per 1,000 population at risk)",SH.MLR.INCD.P3,,,,,,,,,,,,,,,,,,,,,,,,,,,,,,,,,,,,,,,,,,,,,,,,,,,,,,,,,,,
Dominican Republic,DOM,"Incidence of malaria (per 1,000 population at risk)",SH.MLR.INCD.P3,,,,,,,,,,,,,,,,,,,,,,,,,,,,,,,,,,,,,,,,,0.326608569,0.27764611,0.350613991,0.406777909,0.616191681,0.987843143,0.893104016,0.67612871,0.453964279,0.400946423,0.599600204,0.386289105,0.225224114,0.135688814,0.10108688,0.137552043,0.162905693,0.060267689,0.120266945
Algeria,DZA,"Incidence of malaria (per 1,000 population at risk)",SH.MLR.INCD.P3,,,,,,,,,,,,,,,,,,,,,,,,,,,,,,,,,,,,,,,,,0.018647865,0.003247977,0.00534471,0.002638474,0.001041573,0.000513598,0.000506097,0.012955969,0.001470659,0,0.000473231,0.000464402,0.025048469,0.003571173,0,0,0,0,0
East Asia & Pacific (excluding high income),EAP,"Incidence of malaria (per 1,000 population at risk)",SH.MLR.INCD.P3,,,,,,,,,,,,,,,,,,,,,,,,,,,,,,,,,,,,,,,,,7.309981689,6.849726186,6.246150699,6.313351073,6.344935891,6.539972535,5.818138579,5.309545835,5.389275404,5.800128685,6.584783944,5.27967268,5.937780598,4.553146042,4.132517898,2.961726561,3.149654322,3.521551754,2.892328574
Early-demographic dividend,EAR,"Incidence of malaria (per 1,000 population at risk)",SH.MLR.INCD.P3,,,,,,,,,,,,,,,,,,,,,,,,,,,,,,,,,,,,,,,,,27.57766351,27.1012767,25.41128848,26.29268571,27.75009471,27.14533778,23.71260032,22.22540449,21.08555158,23.36569714,24.07601465,21.21891878,19.90779472,17.54681297,15.89332517,15.4464211,16.24260489,14.61283628,12.46901274
East Asia & Pacific,EAS,"Incidence of malaria (per 1,000 population at risk)",SH.MLR.INCD.P3,,,,,,,,,,,,,,,,,,,,,,,,,,,,,,,,,,,,,,,,,7.288409938,6.82808795,6.225906604,6.292277156,6.323513508,6.518478761,5.799956199,5.293395284,5.371756251,5.781135835,6.563560739,5.26221876,5.918044095,4.538134044,4.119136127,2.952388308,3.139709786,3.510273794,2.883252518
Europe & Central Asia (excluding high income),ECA,"Incidence of malaria (per 1,000 population at risk)",SH.MLR.INCD.P3,,,,,,,,,,,,,,,,,,,,,,,,,,,,,,,,,,,,,,,,,,,,,,,,,,,,,,,,,,,
Europe & Central Asia,ECS,"Incidence of malaria (per 1,000 population at risk)",SH.MLR.INCD.P3,,,,,,,,,,,,,,,,,,,,,,,,,,,,,,,,,,,,,,,,,,,,,,,,,,,,,,,,,,,
Ecuador,ECU,"Incidence of malaria (per 1,000 population at risk)",SH.MLR.INCD.P3,,,,,,,,,,,,,,,,,,,,,,,,,,,,,,,,,,,,,,,,,282.8498213,289.3593617,226.504206,133.6305468,72.50930658,42.31693273,24.07265485,20.31538775,11.54627007,9.569044605,4.277030904,2.744030776,1.206352867,0.803937546,0.520577884,1.308074929,2.478234814,2.60669563,3.320357225
"Egypt, Arab Rep.",EGY,"Incidence of malaria (per 1,000 population at risk)",SH.MLR.INCD.P3,,,,,,,,,,,,,,,,,,,,,,,,,,,,,,,,,,,,,,,,,0,0,0,0,0,0,0,0,0,0,0,0,0,0,0,0,0,0,0
Euro area,EMU,"Incidence of malaria (per 1,000 population at risk)",SH.MLR.INCD.P3,,,,,,,,,,,,,,,,,,,,,,,,,,,,,,,,,,,,,,,,,,,,,,,,,,,,,,,,,,,
Eritrea,ERI,"Incidence of malaria (per 1,000 population at risk)",SH.MLR.INCD.P3,,,,,,,,,,,,,,,,,,,,,,,,,,,,,,,,,,,,,,,,,21.56374091,22.93364147,13.22943146,19.02750203,5.549286733,9.792500176,5.632907033,12.53712615,6.780436871,8.86304777,26.32791631,23.85772856,16.14809865,15.02657512,33.12422013,19.19817352,25.63586943,33.96765326,28.87977486
Spain,ESP,"Incidence of malaria (per 1,000 population at risk)",SH.MLR.INCD.P3,,,,,,,,,,,,,,,,,,,,,,,,,,,,,,,,,,,,,,,,,,,,,,,,,,,,,,,,,,,
Estonia,EST,"Incidence of malaria (per 1,000 population at risk)",SH.MLR.INCD.P3,,,,,,,,,,,,,,,,,,,,,,,,,,,,,,,,,,,,,,,,,,,,,,,,,,,,,,,,,,,
Ethiopia,ETH,"Incidence of malaria (per 1,000 population at risk)",SH.MLR.INCD.P3,,,,,,,,,,,,,,,,,,,,,,,,,,,,,,,,,,,,,,,,,157.3058968,157.3059061,155.2750456,183.5151992,218.7631387,161.1322555,145.5092016,121.6852548,90.65570072,123.3511747,128.4019575,116.1315681,116.1864701,111.5998453,57.10472156,52.77351389,41.41276624,36.74142904,31.81495011
European Union,EUU,"Incidence of malaria (per 1,000 population at risk)",SH.MLR.INCD.P3,,,,,,,,,,,,,,,,,,,,,,,,,,,,,,,,,,,,,,,,,,,,,,,,,,,,,,,,,,,
Fragile and conflict affected situations,FCS,"Incidence of malaria (per 1,000 population at risk)",SH.MLR.INCD.P3,,,,,,,,,,,,,,,,,,,,,,,,,,,,,,,,,,,,,,,,,287.5880618,284.7743039,276.8347495,276.9163483,279.3436482,270.906776,267.2162496,265.5408907,259.4354977,258.709698,252.5681121,237.3454385,227.201073,215.8245352,202.8363294,194.2217877,194.0448273,196.5240456,195.7034162
Finland,FIN,"Incidence of malaria (per 1,000 population at risk)",SH.MLR.INCD.P3,,,,,,,,,,,,,,,,,,,,,,,,,,,,,,,,,,,,,,,,,,,,,,,,,,,,,,,,,,,
Fiji,FJI,"Incidence of malaria (per 1,000 population at risk)",SH.MLR.INCD.P3,,,,,,,,,,,,,,,,,,,,,,,,,,,,,,,,,,,,,,,,,,,,,,,,,,,,,,,,,,,
France,FRA,"Incidence of malaria (per 1,000 population at risk)",SH.MLR.INCD.P3,,,,,,,,,,,,,,,,,,,,,,,,,,,,,,,,,,,,,,,,,,,,,,,,,,,,,,,,,,,
Faroe Islands,FRO,"Incidence of malaria (per 1,000 population at risk)",SH.MLR.INCD.P3,,,,,,,,,,,,,,,,,,,,,,,,,,,,,,,,,,,,,,,,,,,,,,,,,,,,,,,,,,,
"Micronesia, Fed. Sts.",FSM,"Incidence of malaria (per 1,000 population at risk)",SH.MLR.INCD.P3,,,,,,,,,,,,,,,,,,,,,,,,,,,,,,,,,,,,,,,,,,,,,,,,,,,,,,,,,,,
Gabon,GAB,"Incidence of malaria (per 1,000 population at risk)",SH.MLR.INCD.P3,,,,,,,,,,,,,,,,,,,,,,,,,,,,,,,,,,,,,,,,,382.7911873,362.0310841,324.1176425,270.8247156,207.3810671,154.2857143,123.9126969,110.6592918,118.8735481,145.9496152,177.8226834,212.7222077,245.5344615,272.8337378,285.7377186,284.4390021,270.6732766,254.2400955,248.2263982
United Kingdom,GBR,"Incidence of malaria (per 1,000 population at risk)",SH.MLR.INCD.P3,,,,,,,,,,,,,,,,,,,,,,,,,,,,,,,,,,,,,,,,,,,,,,,,,,,,,,,,,,,
Georgia,GEO,"Incidence of malaria (per 1,000 population at risk)",SH.MLR.INCD.P3,,,,,,,,,,,,,,,,,,,,,,,,,,,,,,,,,,,,,,,,,5.616560831,10.19339524,11.13067982,7.454764208,6.081688674,3.681622764,1.408215385,0.575981569,0.144836576,0.02427538,0,0,0,0,0,0,0,0,0
Ghana,GHA,"Incidence of malaria (per 1,000 population at risk)",SH.MLR.INCD.P3,,,,,,,,,,,,,,,,,,,,,,,,,,,,,,,,,,,,,,,,,437.5271865,422.142176,393.2308182,372.8490681,354.120762,339.0323328,333.3359846,322.3310576,333.7228427,351.3936961,364.1504262,379.5248906,374.2935094,349.2775628,315.7649659,277.1867834,235.9981219,212.5594029,224.3415786
Gibraltar,GIB,"Incidence of malaria (per 1,000 population at risk)",SH.MLR.INCD.P3,,,,,,,,,,,,,,,,,,,,,,,,,,,,,,,,,,,,,,,,,,,,,,,,,,,,,,,,,,,
Guinea,GIN,"Incidence of malaria (per 1,000 population at risk)",SH.MLR.INCD.P3,,,,,,,,,,,,,,,,,,,,,,,,,,,,,,,,,,,,,,,,,458.0795281,450.8240504,428.2877966,404.5248213,369.4791764,342.007457,335.4980934,343.6890474,370.1650594,398.1406939,414.6624153,426.8950149,427.7964054,408.0786786,381.0913311,356.6410744,331.4746243,311.5302271,283.8873937
"Gambia, The",GMB,"Incidence of malaria (per 1,000 population at risk)",SH.MLR.INCD.P3,,,,,,,,,,,,,,,,,,,,,,,,,,,,,,,,,,,,,,,,,394.9046374,382.6898616,370.4904281,358.4757832,346.9112423,335.9492662,325.6746703,316.0119914,306.841699,297.9755522,289.2746427,257.2610763,274.8175872,236.9934838,142.0245776,195.0442503,116.5301931,53.02091332,65.99733695
Guinea-Bissau,GNB,"Incidence of malaria (per 1,000 population at risk)",SH.MLR.INCD.P3,,,,,,,,,,,,,,,,,,,,,,,,,,,,,,,,,,,,,,,,,474.5381065,395.6882255,311.1361596,226.9661661,146.4241883,98.44966024,77.99753481,72.80958099,89.01914114,113.7952181,134.3672645,140.552503,128.7460724,113.3917667,93.89972897,79.76769608,71.35018744,78.33072413,123.3119067
Equatorial Guinea,GNQ,"Incidence of malaria (per 1,000 population at risk)",SH.MLR.INCD.P3,,,,,,,,,,,,,,,,,,,,,,,,,,,,,,,,,,,,,,,,,404.8269491,407.2162011,409.8130586,415.2518677,418.365881,411.5021874,404.2236142,398.1472241,378.2437831,351.2897784,339.9855877,342.4018175,357.7504071,365.7456439,360.9496085,339.4767131,306.971554,285.7232284,269.0092791
Greece,GRC,"Incidence of malaria (per 1,000 population at risk)",SH.MLR.INCD.P3,,,,,,,,,,,,,,,,,,,,,,,,,,,,,,,,,,,,,,,,,,,,,,,,,,,,,,,,,,,
Grenada,GRD,"Incidence of malaria (per 1,000 population at risk)",SH.MLR.INCD.P3,,,,,,,,,,,,,,,,,,,,,,,,,,,,,,,,,,,,,,,,,,,,,,,,,,,,,,,,,,,
Greenland,GRL,"Incidence of malaria (per 1,000 population at risk)",SH.MLR.INCD.P3,,,,,,,,,,,,,,,,,,,,,,,,,,,,,,,,,,,,,,,,,,,,,,,,,,,,,,,,,,,
Guatemala,GTM,"Incidence of malaria (per 1,000 population at risk)",SH.MLR.INCD.P3,,,,,,,,,,,,,,,,,,,,,,,,,,,,,,,,,,,,,,,,,7.239710762,4.740970606,4.580051793,3.900661459,3.532265669,4.707148256,3.619849908,1.739592851,0.796408002,0.766588475,0.874348426,0.705440835,0.542234997,0.616888789,0.55112942,0.649345357,0.451796991,0.343006025,0.270414531
Guam,GUM,"Incidence of malaria (per 1,000 population at risk)",SH.MLR.INCD.P3,,,,,,,,,,,,,,,,,,,,,,,,,,,,,,,,,,,,,,,,,,,,,,,,,,,,,,,,,,,
Guyana,GUY,"Incidence of malaria (per 1,000 population at risk)",SH.MLR.INCD.P3,,,,,,,,,,,,,,,,,,,,,,,,,,,,,,,,,,,,,,,,,45.03440388,50.95772176,41.16065087,51.91091094,54.19605035,73.15226307,37.01956896,21.02810937,24.03138662,26.84969467,43.79728594,54.64682878,57.69750115,75.67554041,29.2256321,23.49390761,24.98045667,32.55213372,44.37058974
High income,HIC,"Incidence of malaria (per 1,000 population at risk)",SH.MLR.INCD.P3,,,,,,,,,,,,,,,,,,,,,,,,,,,,,,,,,,,,,,,,,,,,,,,,,,,,,,,,,,,
"Hong Kong SAR, China",HKG,"Incidence of malaria (per 1,000 population at risk)",SH.MLR.INCD.P3,,,,,,,,,,,,,,,,,,,,,,,,,,,,,,,,,,,,,,,,,,,,,,,,,,,,,,,,,,,
Honduras,HND,"Incidence of malaria (per 1,000 population at risk)",SH.MLR.INCD.P3,,,,,,,,,,,,,,,,,,,,,,,,,,,,,,,,,,,,,,,,,8.647562703,5.789013709,4.023074485,3.203084207,3.807841637,3.459555145,2.494953478,2.115093611,1.624115648,1.745769195,1.766132049,1.317919078,1.108633002,0.918100009,0.561268573,0.587438152,0.741887201,0.219651503,0.132882286
Heavily indebted poor countries (HIPC),HPC,"Incidence of malaria (per 1,000 population at risk)",SH.MLR.INCD.P3,,,,,,,,,,,,,,,,,,,,,,,,,,,,,,,,,,,,,,,,,320.6787455,319.9262484,308.1326867,303.2334317,295.1325161,278.1600832,269.4595298,261.3790913,256.5934882,258.164242,252.1742602,240.4662802,230.2080523,216.7806969,201.5127917,201.630521,207.7086373,207.3751857,198.9610468
Croatia,HRV,"Incidence of malaria (per 1,000 population at risk)",SH.MLR.INCD.P3,,,,,,,,,,,,,,,,,,,,,,,,,,,,,,,,,,,,,,,,,,,,,,,,,,,,,,,,,,,
Haiti,HTI,"Incidence of malaria (per 1,000 population at risk)",SH.MLR.INCD.P3,,,,,,,,,,,,,,,,,,,,,,,,,,,,,,,,,,,,,,,,,12.0691974,11.66606404,11.28187359,10.91487504,10.56311368,10.22536732,9.725810223,8.639539011,10.39097804,9.005948294,8.734245413,9.029760876,6.529322114,5.314906059,3.494225223,3.435573808,3.796213204,3.554675533,1.610034702
Hungary,HUN,"Incidence of malaria (per 1,000 population at risk)",SH.MLR.INCD.P3,,,,,,,,,,,,,,,,,,,,,,,,,,,,,,,,,,,,,,,,,,,,,,,,,,,,,,,,,,,
IBRD only,IBD,"Incidence of malaria (per 1,000 population at risk)",SH.MLR.INCD.P3,,,,,,,,,,,,,,,,,,,,,,,,,,,,,,,,,,,,,,,,,14.12379397,14.03084056,13.13645464,13.58721644,14.31760553,15.42015204,13.05154937,12.34905304,12.10779358,11.94044199,11.92858456,10.37208936,9.020768029,7.702939931,7.654054504,8.009267986,8.485538465,7.663905811,6.355944162
IDA & IBRD total,IBT,"Incidence of malaria (per 1,000 population at risk)",SH.MLR.INCD.P3,,,,,,,,,,,,,,,,,,,,,,,,,,,,,,,,,,,,,,,,,81.06793325,80.98404924,78.32003062,78.25063166,77.93920064,76.31957374,73.64539757,72.48761572,71.85191006,72.56516052,71.66741763,67.72953822,64.74712258,61.10049454,58.4361577,57.87524512,59.25904792,59.44680979,57.87914496
IDA total,IDA,"Incidence of malaria (per 1,000 population at risk)",SH.MLR.INCD.P3,,,,,,,,,,,,,,,,,,,,,,,,,,,,,,,,,,,,,,,,,247.6370402,245.6077881,236.6746745,233.4304277,228.7224569,218.8187638,213.5862739,209.536156,206.1821936,207.0634212,202.4615292,191.6882558,183.6411133,173.5670632,164.0014546,160.1508826,162.2637579,163.0269279,159.4655554
IDA blend,IDB,"Incidence of malaria (per 1,000 population at risk)",SH.MLR.INCD.P3,,,,,,,,,,,,,,,,,,,,,,,,,,,,,,,,,,,,,,,,,216.0974586,212.2483417,204.4612183,202.716187,202.264524,199.399841,197.6072752,196.5075604,192.5199327,189.8451052,182.2524236,170.7267791,160.8307833,155.6337209,151.5655372,141.3637975,136.9065569,138.2742242,139.4645585
Indonesia,IDN,"Incidence of malaria (per 1,000 population at risk)",SH.MLR.INCD.P3,,,,,,,,,,,,,,,,,,,,,,,,,,,,,,,,,,,,,,,,,9.296527203,9.04560158,8.803346777,8.569032345,6.517010366,9.73724946,8.08944732,7.702329689,7.501150201,7.30436658,11.02197586,9.892100551,9.680935427,8.130221589,6.101774546,5.384404609,5.536117937,6.77378967,3.866192989
IDA only,IDX,"Incidence of malaria (per 1,000 population at risk)",SH.MLR.INCD.P3,,,,,,,,,,,,,,,,,,,,,,,,,,,,,,,,,,,,,,,,,267.7846992,266.8807422,257.170362,252.9221468,245.4696678,231.0808647,223.6537049,217.7275058,214.755896,217.8520123,215.10902,204.7958588,197.8970796,184.769705,171.7648459,171.8672129,178.1294956,178.4877274,171.9321225
Isle of Man,IMN,"Incidence of malaria (per 1,000 population at risk)",SH.MLR.INCD.P3,,,,,,,,,,,,,,,,,,,,,,,,,,,,,,,,,,,,,,,,,,,,,,,,,,,,,,,,,,,
India,IND,"Incidence of malaria (per 1,000 population at risk)",SH.MLR.INCD.P3,,,,,,,,,,,,,,,,,,,,,,,,,,,,,,,,,,,,,,,,,19.93267884,19.96317271,18.50166212,19.4209746,21.26709819,22.68605803,18.23175408,17.34436763,17.92762466,18.20275144,17.51668763,14.75529841,11.85404234,9.157489868,9.19949598,9.669678026,9.990969069,7.472873162,5.330432232
Not classified,INX,"Incidence of malaria (per 1,000 population at risk)",SH.MLR.INCD.P3,,,,,,,,,,,,,,,,,,,,,,,,,,,,,,,,,,,,,,,,,,,,,,,,,,,,,,,,,,,
Ireland,IRL,"Incidence of malaria (per 1,000 population at risk)",SH.MLR.INCD.P3,,,,,,,,,,,,,,,,,,,,,,,,,,,,,,,,,,,,,,,,,,,,,,,,,,,,,,,,,,,
"Iran, Islamic Rep.",IRN,"Incidence of malaria (per 1,000 population at risk)",SH.MLR.INCD.P3,,,,,,,,,,,,,,,,,,,,,,,,,,,,,,,,,,,,,,,,,29.41470467,28.44067652,22.63818196,33.8628384,19.62463153,26.61700479,22.07602623,21.56375664,11.33390983,5.833357947,2.45152042,2.140830438,0.979827986,0.613170231,0.452457235,0.20830241,0.099671944,0.072843823,0
Iraq,IRQ,"Incidence of malaria (per 1,000 population at risk)",SH.MLR.INCD.P3,,,,,,,,,,,,,,,,,,,,,,,,,,,,,,,,,,,,,,,,,0.608900555,0.401962083,0.293722998,0.086388294,0.043264759,0.012571802,0.006445726,0.000551198,0.000541984,0,0,0,0,0,0,0,0,0,0
Iceland,ISL,"Incidence of malaria (per 1,000 population at risk)",SH.MLR.INCD.P3,,,,,,,,,,,,,,,,,,,,,,,,,,,,,,,,,,,,,,,,,,,,,,,,,,,,,,,,,,,
Israel,ISR,"Incidence of malaria (per 1,000 population at risk)",SH.MLR.INCD.P3,,,,,,,,,,,,,,,,,,,,,,,,,,,,,,,,,,,,,,,,,,,,,,,,,,,,,,,,,,,
Italy,ITA,"Incidence of malaria (per 1,000 population at risk)",SH.MLR.INCD.P3,,,,,,,,,,,,,,,,,,,,,,,,,,,,,,,,,,,,,,,,,,,,,,,,,,,,,,,,,,,
Jamaica,JAM,"Incidence of malaria (per 1,000 population at risk)",SH.MLR.INCD.P3,,,,,,,,,,,,,,,,,,,,,,,,,,,,,,,,,,,,,,,,,,,,,,,,,,,,,,,,,,,
Jordan,JOR,"Incidence of malaria (per 1,000 population at risk)",SH.MLR.INCD.P3,,,,,,,,,,,,,,,,,,,,,,,,,,,,,,,,,,,,,,,,,,,,,,,,,,,,,,,,,,,
Japan,JPN,"Incidence of malaria (per 1,000 population at risk)",SH.MLR.INCD.P3,,,,,,,,,,,,,,,,,,,,,,,,,,,,,,,,,,,,,,,,,,,,,,,,,,,,,,,,,,,
Kazakhstan,KAZ,"Incidence of malaria (per 1,000 population at risk)",SH.MLR.INCD.P3,,,,,,,,,,,,,,,,,,,,,,,,,,,,,,,,,,,,,,,,,0,0,0,0,0,0,0,0,0,0,0,0,0,0,0,0,0,0,0
Kenya,KEN,"Incidence of malaria (per 1,000 population at risk)",SH.MLR.INCD.P3,,,,,,,,,,,,,,,,,,,,,,,,,,,,,,,,,,,,,,,,,213.1907537,212.4899261,207.0293193,196.7333858,166.1532942,127.3081259,100.0526733,78.0197424,67.67506239,67.9407052,67.71036607,67.86434473,73.35589825,82.48376878,83.86618236,72.16572404,70.37735479,70.09764373,70.09764252
Kyrgyz Republic,KGZ,"Incidence of malaria (per 1,000 population at risk)",SH.MLR.INCD.P3,,,,,,,,,,,,,,,,,,,,,,,,,,,,,,,,,,,,,,,,,0.003126502,0.007233247,0.704534293,0.119675985,0.023661617,0.057088511,0.079309184,0.023739935,0.004391449,0.000961291,0.000709322,0,0,0,0,0,0,0,0
Cambodia,KHM,"Incidence of malaria (per 1,000 population at risk)",SH.MLR.INCD.P3,,,,,,,,,,,,,,,,,,,,,,,,,,,,,,,,,,,,,,,,,77.83855331,44.30406728,39.050637,51.13384513,43.62238018,41.40968891,45.95098366,19.7599226,21.88537957,42.76821146,34.90518456,35.78910314,24.87561047,15.88533604,22.25959583,19.93656543,11.13353797,17.90332473,23.69294269
Kiribati,KIR,"Incidence of malaria (per 1,000 population at risk)",SH.MLR.INCD.P3,,,,,,,,,,,,,,,,,,,,,,,,,,,,,,,,,,,,,,,,,,,,,,,,,,,,,,,,,,,
St. Kitts and Nevis,KNA,"Incidence of malaria (per 1,000 population at risk)",SH.MLR.INCD.P3,,,,,,,,,,,,,,,,,,,,,,,,,,,,,,,,,,,,,,,,,,,,,,,,,,,,,,,,,,,
"Korea, Rep.",KOR,"Incidence of malaria (per 1,000 population at risk)",SH.MLR.INCD.P3,,,,,,,,,,,,,,,,,,,,,,,,,,,,,,,,,,,,,,,,,1.261251917,0.765398937,0.535421766,0.346627838,0.254526386,0.401575325,0.599421738,0.648810349,0.305567723,0.259964259,0.365319818,0.144905496,0.112435093,0.108677147,0.15723124,0.176241618,0.168682214,0.12189844,0.139865255
Kuwait,KWT,"Incidence of malaria (per 1,000 population at risk)",SH.MLR.INCD.P3,,,,,,,,,,,,,,,,,,,,,,,,,,,,,,,,,,,,,,,,,,,,,,,,,,,,,,,,,,,
Latin America & Caribbean (excluding high income),LAC,"Incidence of malaria (per 1,000 population at risk)",SH.MLR.INCD.P3,,,,,,,,,,,,,,,,,,,,,,,,,,,,,,,,,,,,,,,,,15.656575,13.03188134,11.55508913,11.09424273,10.62381171,11.76755613,9.972767932,8.737156533,6.049357621,5.785777759,6.745765179,4.915016211,4.51908226,4.041652551,3.159053117,3.421137102,3.409111157,3.807206419,3.698883071
Lao PDR,LAO,"Incidence of malaria (per 1,000 population at risk)",SH.MLR.INCD.P3,,,,,,,,,,,,,,,,,,,,,,,,,,,,,,,,,,,,,,,,,62.71910207,29.54880292,22.20699191,20.03635078,16.53121176,12.95541337,23.26193004,22.21718636,21.50063615,15.03337555,15.74084923,10.86510927,28.7628466,23.30099769,29.90037069,22.30114139,7.76723886,5.626682587,4.201254144
Lebanon,LBN,"Incidence of malaria (per 1,000 population at risk)",SH.MLR.INCD.P3,,,,,,,,,,,,,,,,,,,,,,,,,,,,,,,,,,,,,,,,,,,,,,,,,,,,,,,,,,,
Liberia,LBR,"Incidence of malaria (per 1,000 population at risk)",SH.MLR.INCD.P3,,,,,,,,,,,,,,,,,,,,,,,,,,,,,,,,,,,,,,,,,478.3399516,475.1771201,461.7319183,446.4457086,428.7016361,404.6264365,388.8059363,383.1794058,383.3316287,368.8136449,345.7721818,330.4126552,307.9030636,317.2799145,337.5731849,346.9723934,386.3047518,401.1095601,361.5039793
Libya,LBY,"Incidence of malaria (per 1,000 population at risk)",SH.MLR.INCD.P3,,,,,,,,,,,,,,,,,,,,,,,,,,,,,,,,,,,,,,,,,,,,,,,,,,,,,,,,,,,
St. Lucia,LCA,"Incidence of malaria (per 1,000 population at risk)",SH.MLR.INCD.P3,,,,,,,,,,,,,,,,,,,,,,,,,,,,,,,,,,,,,,,,,,,,,,,,,,,,,,,,,,,
Latin America & Caribbean,LCN,"Incidence of malaria (per 1,000 population at risk)",SH.MLR.INCD.P3,,,,,,,,,,,,,,,,,,,,,,,,,,,,,,,,,,,,,,,,,14.24633045,11.79873798,10.57899182,10.18343268,9.908421798,10.89752318,9.217740438,8.157851423,5.673903023,5.471032608,6.444163263,4.778244118,4.483687927,4.284267583,3.599200721,4.22444481,5.106589744,6.910309392,6.735049137
Least developed countries: UN classification,LDC,"Incidence of malaria (per 1,000 population at risk)",SH.MLR.INCD.P3,,,,,,,,,,,,,,,,,,,,,,,,,,,,,,,,,,,,,,,,,271.4294064,271.0251567,260.8171588,256.9260955,249.8690901,234.9848343,226.9855,219.9504647,214.668936,216.4276925,212.8399039,201.0293015,194.7242557,183.1136547,171.0460646,172.6996603,180.5085285,181.6988268,175.0325421
Low income,LIC,"Incidence of malaria (per 1,000 population at risk)",SH.MLR.INCD.P3,,,,,,,,,,,,,,,,,,,,,,,,,,,,,,,,,,,,,,,,,284.0286794,285.2114376,276.7699871,274.5095547,268.5983274,251.9810864,245.1096746,240.1202976,236.8982045,243.8292453,240.3862173,228.3933395,220.1710913,206.4760557,190.4244361,191.5504004,202.4071629,204.3796926,195.5828521
Liechtenstein,LIE,"Incidence of malaria (per 1,000 population at risk)",SH.MLR.INCD.P3,,,,,,,,,,,,,,,,,,,,,,,,,,,,,,,,,,,,,,,,,,,,,,,,,,,,,,,,,,,
Sri Lanka,LKA,"Incidence of malaria (per 1,000 population at risk)",SH.MLR.INCD.P3,,,,,,,,,,,,,,,,,,,,,,,,,,,,,,,,,,,,,,,,,48.63309646,15.29347906,9.445144786,2.37700632,0.834259354,0.36482167,0.130461445,0.043386134,0.140764908,0.114726323,0.146774848,0.026429911,0.004870305,0,0,0,0,0,0
Lower middle income,LMC,"Incidence of malaria (per 1,000 population at risk)",SH.MLR.INCD.P3,,,,,,,,,,,,,,,,,,,,,,,,,,,,,,,,,,,,,,,,,72.18690966,71.31660923,68.14863768,67.83008883,67.80162957,67.76821627,64.45577672,63.09369226,62.28257938,61.40034504,60.06569754,56.02588568,52.65031161,49.43452519,48.27181918,46.73781433,46.24793036,45.51217778,44.55304019
Low & middle income,LMY,"Incidence of malaria (per 1,000 population at risk)",SH.MLR.INCD.P3,,,,,,,,,,,,,,,,,,,,,,,,,,,,,,,,,,,,,,,,,81.17274085,81.11247804,78.40196561,78.33398456,78.0222725,76.39869436,73.7267849,72.56530127,71.93764749,72.65174405,71.74980934,67.81099075,64.82581752,61.16539836,58.49289535,57.91494509,59.26456795,59.39749803,57.82591272
Lesotho,LSO,"Incidence of malaria (per 1,000 population at risk)",SH.MLR.INCD.P3,,,,,,,,,,,,,,,,,,,,,,,,,,,,,,,,,,,,,,,,,,,,,,,,,,,,,,,,,,,
Late-demographic dividend,LTE,"Incidence of malaria (per 1,000 population at risk)",SH.MLR.INCD.P3,,,,,,,,,,,,,,,,,,,,,,,,,,,,,,,,,,,,,,,,,2.204736842,1.812426835,1.354794297,1.280262118,1.201339319,1.311937473,1.189425563,1.075730723,0.715598691,0.701478611,0.846378816,0.602588358,0.585124774,0.494059495,0.367458484,0.35319536,0.354001727,0.422420132,0.432322104
Lithuania,LTU,"Incidence of malaria (per 1,000 population at risk)",SH.MLR.INCD.P3,,,,,,,,,,,,,,,,,,,,,,,,,,,,,,,,,,,,,,,,,,,,,,,,,,,,,,,,,,,
Luxembourg,LUX,"Incidence of malaria (per 1,000 population at risk)",SH.MLR.INCD.P3,,,,,,,,,,,,,,,,,,,,,,,,,,,,,,,,,,,,,,,,,,,,,,,,,,,,,,,,,,,
Latvia,LVA,"Incidence of malaria (per 1,000 population at risk)",SH.MLR.INCD.P3,,,,,,,,,,,,,,,,,,,,,,,,,,,,,,,,,,,,,,,,,,,,,,,,,,,,,,,,,,,
"Macao SAR, China",MAC,"Incidence of malaria (per 1,000 population at risk)",SH.MLR.INCD.P3,,,,,,,,,,,,,,,,,,,,,,,,,,,,,,,,,,,,,,,,,,,,,,,,,,,,,,,,,,,
St. Martin (French part),MAF,"Incidence of malaria (per 1,000 population at risk)",SH.MLR.INCD.P3,,,,,,,,,,,,,,,,,,,,,,,,,,,,,,,,,,,,,,,,,,,,,,,,,,,,,,,,,,,
Morocco,MAR,"Incidence of malaria (per 1,000 population at risk)",SH.MLR.INCD.P3,,,,,,,,,,,,,,,,,,,,,,,,,,,,,,,,,,,,,,,,,0.00010419,0,0.000645057,0.000134305,3.32E-05,0,0,0,0,0,0,0,0,0,0,0,0,0,0
Monaco,MCO,"Incidence of malaria (per 1,000 population at risk)",SH.MLR.INCD.P3,,,,,,,,,,,,,,,,,,,,,,,,,,,,,,,,,,,,,,,,,,,,,,,,,,,,,,,,,,,
Moldova,MDA,"Incidence of malaria (per 1,000 population at risk)",SH.MLR.INCD.P3,,,,,,,,,,,,,,,,,,,,,,,,,,,,,,,,,,,,,,,,,,,,,,,,,,,,,,,,,,,
Madagascar,MDG,"Incidence of malaria (per 1,000 population at risk)",SH.MLR.INCD.P3,,,,,,,,,,,,,,,,,,,,,,,,,,,,,,,,,,,,,,,,,57.16661954,68.18175808,53.67971674,68.29460658,46.62351137,35.94355632,35.26036314,22.78192525,23.47268589,42.91988255,42.24447844,36.55312254,71.35712253,65.20949047,45.77574035,97.31675393,56.57913817,75.66505026,82.39677899
Maldives,MDV,"Incidence of malaria (per 1,000 population at risk)",SH.MLR.INCD.P3,,,,,,,,,,,,,,,,,,,,,,,,,,,,,,,,,,,,,,,,,,,,,,,,,,,,,,,,,,,
Middle East & North Africa,MEA,"Incidence of malaria (per 1,000 population at risk)",SH.MLR.INCD.P3,,,,,,,,,,,,,,,,,,,,,,,,,,,,,,,,,,,,,,,,,4.792591873,4.90862326,4.730525891,4.272885029,3.334822705,3.445866792,3.985452366,5.321638331,3.279740083,4.12376505,6.460475175,4.449891978,4.742135579,3.805233637,3.179630826,2.751720722,3.561447811,3.954450137,4.427398093
Mexico,MEX,"Incidence of malaria (per 1,000 population at risk)",SH.MLR.INCD.P3,,,,,,,,,,,,,,,,,,,,,,,,,,,,,,,,,,,,,,,,,3.523961028,2.349155179,2.144590081,1.747243139,1.536910674,1.319996049,1.102290739,1.019936056,1.003095253,1.133483514,0.506773445,0.458175954,0.334984664,0.196458898,0.257052284,0.200086536,0.210694566,0.278231521,0.300159537
Marshall Islands,MHL,"Incidence of malaria (per 1,000 population at risk)",SH.MLR.INCD.P3,,,,,,,,,,,,,,,,,,,,,,,,,,,,,,,,,,,,,,,,,,,,,,,,,,,,,,,,,,,
Middle income,MIC,"Incidence of malaria (per 1,000 population at risk)",SH.MLR.INCD.P3,,,,,,,,,,,,,,,,,,,,,,,,,,,,,,,,,,,,,,,,,54.52808467,53.950223,51.63887528,51.49080808,51.56774708,51.66926038,49.23210731,48.26139514,47.65858175,47.10086323,46.23955366,43.21062772,40.73923929,38.3670929,37.54423504,36.43024201,36.1108816,35.63185389,34.93144225
North Macedonia,MKD,"Incidence of malaria (per 1,000 population at risk)",SH.MLR.INCD.P3,,,,,,,,,,,,,,,,,,,,,,,,,,,,,,,,,,,,,,,,,,,,,,,,,,,,,,,,,,,
Mali,MLI,"Incidence of malaria (per 1,000 population at risk)",SH.MLR.INCD.P3,,,,,,,,,,,,,,,,,,,,,,,,,,,,,,,,,,,,,,,,,406.2293997,407.446483,416.4582776,423.808857,429.3725854,431.2402739,405.7103417,388.8055156,379.0587334,374.5623114,383.6034269,404.7329505,435.6505826,452.8159338,441.0073855,391.82931,384.2218129,386.7775536,386.7775323
Malta,MLT,"Incidence of malaria (per 1,000 population at risk)",SH.MLR.INCD.P3,,,,,,,,,,,,,,,,,,,,,,,,,,,,,,,,,,,,,,,,,,,,,,,,,,,,,,,,,,,
Myanmar,MMR,"Incidence of malaria (per 1,000 population at risk)",SH.MLR.INCD.P3,,,,,,,,,,,,,,,,,,,,,,,,,,,,,,,,,,,,,,,,,55.75968257,54.572541,53.48648156,52.49853771,51.60389401,50.79441377,34.6903249,43.53866819,52.95996827,49.89918704,66.98485824,43.49208867,61.85912907,19.82535267,12.33130286,8.685523909,5.117625569,3.800648668,3.404073238
Middle East & North Africa (excluding high income),MNA,"Incidence of malaria (per 1,000 population at risk)",SH.MLR.INCD.P3,,,,,,,,,,,,,,,,,,,,,,,,,,,,,,,,,,,,,,,,,4.996126079,5.148946348,4.969463234,4.499478511,3.520091155,3.650154122,4.238954896,5.696185415,3.52988623,4.458632677,7.010569869,4.84072337,5.16705823,4.150535193,3.470587654,3.005125096,3.89789817,4.331216894,4.851971294
Montenegro,MNE,"Incidence of malaria (per 1,000 population at risk)",SH.MLR.INCD.P3,,,,,,,,,,,,,,,,,,,,,,,,,,,,,,,,,,,,,,,,,,,,,,,,,,,,,,,,,,,
Mongolia,MNG,"Incidence of malaria (per 1,000 population at risk)",SH.MLR.INCD.P3,,,,,,,,,,,,,,,,,,,,,,,,,,,,,,,,,,,,,,,,,,,,,,,,,,,,,,,,,,,
Northern Mariana Islands,MNP,"Incidence of malaria (per 1,000 population at risk)",SH.MLR.INCD.P3,,,,,,,,,,,,,,,,,,,,,,,,,,,,,,,,,,,,,,,,,,,,,,,,,,,,,,,,,,,
Mozambique,MOZ,"Incidence of malaria (per 1,000 population at risk)",SH.MLR.INCD.P3,,,,,,,,,,,,,,,,,,,,,,,,,,,,,,,,,,,,,,,,,492.5575283,507.7471133,499.4648038,488.0927865,455.544596,417.8684739,403.9347426,399.4471728,399.7912428,402.3027058,398.4102291,389.9215711,381.7795054,376.9797148,364.8343587,355.8754398,344.8206302,326.3972814,305.3587351
Mauritania,MRT,"Incidence of malaria (per 1,000 population at risk)",SH.MLR.INCD.P3,,,,,,,,,,,,,,,,,,,,,,,,,,,,,,,,,,,,,,,,,147.9531917,151.3455607,118.5642546,113.4756663,90.82261233,81.77870629,72.44012355,70.76882148,61.1385043,31.63722134,38.83177838,47.57539363,28.42046051,33.2162671,49.20280221,61.60881634,71.50059132,55.48778751,39.4146497
Mauritius,MUS,"Incidence of malaria (per 1,000 population at risk)",SH.MLR.INCD.P3,,,,,,,,,,,,,,,,,,,,,,,,,,,,,,,,,,,,,,,,,,,,,,,,,,,,,,,,,,,
Malawi,MWI,"Incidence of malaria (per 1,000 population at risk)",SH.MLR.INCD.P3,,,,,,,,,,,,,,,,,,,,,,,,,,,,,,,,,,,,,,,,,426.5290345,426.3914952,397.8377216,363.757536,337.6072208,329.4738218,342.3355247,370.0795275,391.9966194,394.2922932,386.0184961,362.7755108,314.0150597,267.8550493,237.003846,217.0362379,210.6643244,216.2636254,213.6402506
Malaysia,MYS,"Incidence of malaria (per 1,000 population at risk)",SH.MLR.INCD.P3,,,,,,,,,,,,,,,,,,,,,,,,,,,,,,,,,,,,,,,,,13.69412678,13.47583839,11.37932637,6.415291431,6.10743084,5.419297331,5.051150773,3.78737554,5.572587752,5.367761522,4.603299947,3.450147377,3.149492529,2.478036167,2.634213469,0.199861583,0.216720738,0.06831776,0
North America,NAC,"Incidence of malaria (per 1,000 population at risk)",SH.MLR.INCD.P3,,,,,,,,,,,,,,,,,,,,,,,,,,,,,,,,,,,,,,,,,,,,,,,,,,,,,,,,,,,
Namibia,NAM,"Incidence of malaria (per 1,000 population at risk)",SH.MLR.INCD.P3,,,,,,,,,,,,,,,,,,,,,,,,,,,,,,,,,,,,,,,,,58.14904492,71.08808949,47.89964855,45.29820896,69.66646371,42.44506119,43.57059547,12.97386015,7.456567069,3.364176155,1.539970865,2.134507877,3.364340062,4.550900365,14.48804725,10.87924904,22.11748011,46.74943185,26.70559625
New Caledonia,NCL,"Incidence of malaria (per 1,000 population at risk)",SH.MLR.INCD.P3,,,,,,,,,,,,,,,,,,,,,,,,,,,,,,,,,,,,,,,,,,,,,,,,,,,,,,,,,,,
Niger,NER,"Incidence of malaria (per 1,000 population at risk)",SH.MLR.INCD.P3,,,,,,,,,,,,,,,,,,,,,,,,,,,,,,,,,,,,,,,,,317.2965313,317.4816132,328.3029483,346.8249443,362.8113821,355.2422648,370.732713,386.6793178,409.0955079,419.1039637,425.637534,427.8817069,430.5082902,420.4918028,400.2508916,369.8298486,358.7428301,356.5706254,356.5706127
Nigeria,NGA,"Incidence of malaria (per 1,000 population at risk)",SH.MLR.INCD.P3,,,,,,,,,,,,,,,,,,,,,,,,,,,,,,,,,,,,,,,,,438.7526127,429.0423566,412.9589519,409.157078,411.3888059,415.2785741,418.1665202,421.3259206,424.6553438,416.587205,398.9026203,372.5571831,347.7383259,328.6545794,314.4048621,296.0814002,281.3766366,283.0640745,291.9425142
Nicaragua,NIC,"Incidence of malaria (per 1,000 population at risk)",SH.MLR.INCD.P3,,,,,,,,,,,,,,,,,,,,,,,,,,,,,,,,,,,,,,,,,13.53656178,5.910647046,4.277445331,3.682680794,3.730059023,3.543412063,1.638309604,0.703671798,0.390083393,0.307824688,0.344584109,0.454462895,0.5989198,0.555879283,0.539291246,1.062421888,2.886604382,4.975272544,7.142677445
Netherlands,NLD,"Incidence of malaria (per 1,000 population at risk)",SH.MLR.INCD.P3,,,,,,,,,,,,,,,,,,,,,,,,,,,,,,,,,,,,,,,,,,,,,,,,,,,,,,,,,,,
Norway,NOR,"Incidence of malaria (per 1,000 population at risk)",SH.MLR.INCD.P3,,,,,,,,,,,,,,,,,,,,,,,,,,,,,,,,,,,,,,,,,,,,,,,,,,,,,,,,,,,
Nepal,NPL,"Incidence of malaria (per 1,000 population at risk)",SH.MLR.INCD.P3,,,,,,,,,,,,,,,,,,,,,,,,,,,,,,,,,,,,,,,,,7.179432869,8.206093558,12.34530403,10.40502157,4.899931885,5.013072956,4.887541738,5.721908459,4.164469951,3.28600662,3.866686544,3.032306254,2.342118864,1.308273158,0.625463015,0.571674941,0.426081818,0.386973842,0.439941866
Nauru,NRU,"Incidence of malaria (per 1,000 population at risk)",SH.MLR.INCD.P3,,,,,,,,,,,,,,,,,,,,,,,,,,,,,,,,,,,,,,,,,,,,,,,,,,,,,,,,,,,
New Zealand,NZL,"Incidence of malaria (per 1,000 population at risk)",SH.MLR.INCD.P3,,,,,,,,,,,,,,,,,,,,,,,,,,,,,,,,,,,,,,,,,,,,,,,,,,,,,,,,,,,
OECD members,OED,"Incidence of malaria (per 1,000 population at risk)",SH.MLR.INCD.P3,,,,,,,,,,,,,,,,,,,,,,,,,,,,,,,,,,,,,,,,,,,,,,,,,,,,,,,,,,,
Oman,OMN,"Incidence of malaria (per 1,000 population at risk)",SH.MLR.INCD.P3,,,,,,,,,,,,,,,,,,,,,,,,,,,,,,,,,,,,,,,,,0.002645534,0.000871475,0,0,0,0,0,0,0,0,0.002301545,0,0,0,0,0,0,0,0
Other small states,OSS,"Incidence of malaria (per 1,000 population at risk)",SH.MLR.INCD.P3,,,,,,,,,,,,,,,,,,,,,,,,,,,,,,,,,,,,,,,,,,,,,,,,,,,,,,,,,,,
Pakistan,PAK,"Incidence of malaria (per 1,000 population at risk)",SH.MLR.INCD.P3,,,,,,,,,,,,,,,,,,,,,,,,,,,,,,,,,,,,,,,,,7.329165682,7.231235293,6.572581985,6.144100356,4.438298746,5.362879304,5.278094981,5.063826583,4.526231315,5.885988966,8.195880561,10.57424753,8.97569486,7.547856192,7.152402412,5.062766186,6.006619112,4.750573882,3.38151511
Panama,PAN,"Incidence of malaria (per 1,000 population at risk)",SH.MLR.INCD.P3,,,,,,,,,,,,,,,,,,,,,,,,,,,,,,,,,,,,,,,,,0.372146521,0.326863313,0.775610576,1.526472656,1.696239407,1.198412174,0.533644275,0.403748244,0.23017984,0.236524254,0.124856167,0.103743524,0.243432263,0.202396744,0.266807763,0.149769069,0.207138839,0.201610569,0.194514638
Peru,PER,"Incidence of malaria (per 1,000 population at risk)",SH.MLR.INCD.P3,,,,,,,,,,,,,,,,,,,,,,,,,,,,,,,,,,,,,,,,,9.071095775,9.981909114,12.11548644,10.40074726,10.63499551,9.879979095,7.252963759,5.628341471,4.867806708,4.601339699,3.319805536,2.690468257,3.489213398,5.359031784,7.10217345,7.849095753,5.996424835,5.871873356,4.652540655
Philippines,PHL,"Incidence of malaria (per 1,000 population at risk)",SH.MLR.INCD.P3,,,,,,,,,,,,,,,,,,,,,,,,,,,,,,,,,,,,,,,,,2.635665097,2.441450225,2.562364423,3.249384154,3.451015078,3.027041591,2.329680787,2.171573426,1.413533307,1.093134553,0.978573131,0.430457998,0.338994057,0.305092413,0.249143429,0.472502903,0.290539862,0.305919688,0.176744881
Palau,PLW,"Incidence of malaria (per 1,000 population at risk)",SH.MLR.INCD.P3,,,,,,,,,,,,,,,,,,,,,,,,,,,,,,,,,,,,,,,,,,,,,,,,,,,,,,,,,,,
Papua New Guinea,PNG,"Incidence of malaria (per 1,000 population at risk)",SH.MLR.INCD.P3,,,,,,,,,,,,,,,,,,,,,,,,,,,,,,,,,,,,,,,,,260.5757244,254.3491,215.4952734,230.1200409,291.6891647,238.5072169,246.7370083,205.4442805,190.1330237,248.326819,169.6336727,139.981205,169.8801586,215.4132537,243.0290536,131.544523,177.6101984,177.8443046,184.4658649
Poland,POL,"Incidence of malaria (per 1,000 population at risk)",SH.MLR.INCD.P3,,,,,,,,,,,,,,,,,,,,,,,,,,,,,,,,,,,,,,,,,,,,,,,,,,,,,,,,,,,
Pre-demographic dividend,PRE,"Incidence of malaria (per 1,000 population at risk)",SH.MLR.INCD.P3,,,,,,,,,,,,,,,,,,,,,,,,,,,,,,,,,,,,,,,,,363.4899423,361.2817604,348.2798845,341.108729,330.8968982,320.0837975,312.9045361,307.7966411,304.6953887,297.905181,287.5129279,272.9229606,258.6477638,244.462778,233.354257,228.959839,230.1259895,232.2717081,227.8077915
Puerto Rico,PRI,"Incidence of malaria (per 1,000 population at risk)",SH.MLR.INCD.P3,,,,,,,,,,,,,,,,,,,,,,,,,,,,,,,,,,,,,,,,,,,,,,,,,,,,,,,,,,,
"Korea, Dem. People's Rep.",PRK,"Incidence of malaria (per 1,000 population at risk)",SH.MLR.INCD.P3,,,,,,,,,,,,,,,,,,,,,,,,,,,,,,,,,,,,,,,,,10.11711152,15.90551763,1.819041873,1.799007033,2.92322567,1.212221983,1.382207751,0.460028889,1.749884963,1.533949108,1.410415018,1.739587851,2.256263403,1.479998245,1.076695576,0.753423251,0.275142917,0.460732778,0.360643545
Portugal,PRT,"Incidence of malaria (per 1,000 population at risk)",SH.MLR.INCD.P3,,,,,,,,,,,,,,,,,,,,,,,,,,,,,,,,,,,,,,,,,,,,,,,,,,,,,,,,,,,
Paraguay,PRY,"Incidence of malaria (per 1,000 population at risk)",SH.MLR.INCD.P3,,,,,,,,,,,,,,,,,,,,,,,,,,,,,,,,,,,,,,,,,35.7606909,13.86735441,13.94928446,6.864345348,3.364032962,1.793319883,3.866118614,6.209972076,1.589578214,0.410090941,0.080025608,0.004385523,0,0,0,0,0,0,0
West Bank and Gaza,PSE,"Incidence of malaria (per 1,000 population at risk)",SH.MLR.INCD.P3,,,,,,,,,,,,,,,,,,,,,,,,,,,,,,,,,,,,,,,,,,,,,,,,,,,,,,,,,,,
Pacific island small states,PSS,"Incidence of malaria (per 1,000 population at risk)",SH.MLR.INCD.P3,,,,,,,,,,,,,,,,,,,,,,,,,,,,,,,,,,,,,,,,,,,,,,,,,,,,,,,,,,,
Post-demographic dividend,PST,"Incidence of malaria (per 1,000 population at risk)",SH.MLR.INCD.P3,,,,,,,,,,,,,,,,,,,,,,,,,,,,,,,,,,,,,,,,,,,,,,,,,,,,,,,,,,,
French Polynesia,PYF,"Incidence of malaria (per 1,000 population at risk)",SH.MLR.INCD.P3,,,,,,,,,,,,,,,,,,,,,,,,,,,,,,,,,,,,,,,,,,,,,,,,,,,,,,,,,,,
Qatar,QAT,"Incidence of malaria (per 1,000 population at risk)",SH.MLR.INCD.P3,,,,,,,,,,,,,,,,,,,,,,,,,,,,,,,,,,,,,,,,,,,,,,,,,,,,,,,,,,,
Romania,ROU,"Incidence of malaria (per 1,000 population at risk)",SH.MLR.INCD.P3,,,,,,,,,,,,,,,,,,,,,,,,,,,,,,,,,,,,,,,,,,,,,,,,,,,,,,,,,,,
Russian Federation,RUS,"Incidence of malaria (per 1,000 population at risk)",SH.MLR.INCD.P3,,,,,,,,,,,,,,,,,,,,,,,,,,,,,,,,,,,,,,,,,,,,,,,,,,,,,,,,,,,
Rwanda,RWA,"Incidence of malaria (per 1,000 population at risk)",SH.MLR.INCD.P3,,,,,,,,,,,,,,,,,,,,,,,,,,,,,,,,,,,,,,,,,223.1723758,213.3796614,171.7045836,144.9201604,126.803061,154.6117631,154.0194985,90.63843475,72.027476,158.1582721,126.3149024,39.28620594,71.45769895,121.4497882,219.8060762,341.9628314,585.537332,538.3392483,486.4873257
South Asia,SAS,"Incidence of malaria (per 1,000 population at risk)",SH.MLR.INCD.P3,,,,,,,,,,,,,,,,,,,,,,,,,,,,,,,,,,,,,,,,,19.33784517,19.1919039,18.07390165,18.25534602,19.10039208,20.23257191,16.35269848,15.59760446,15.97488943,16.31713641,15.99331075,14.04142695,11.26248319,8.781662534,8.844404443,8.989820345,9.572695265,7.340613691,5.41030223
Saudi Arabia,SAU,"Incidence of malaria (per 1,000 population at risk)",SH.MLR.INCD.P3,,,,,,,,,,,,,,,,,,,,,,,,,,,,,,,,,,,,,,,,,3.99203285,1.809875893,1.495359633,0.958357051,0.664844102,0.555084395,0.651223133,0.23148194,0.029414232,0.0271886,0.013202077,0.030471608,0.035110525,0.014123414,0.012113357,0.032667185,0.1046591,0.066748751,0.022593203
Sudan,SDN,"Incidence of malaria (per 1,000 population at risk)",SH.MLR.INCD.P3,,,,,,,,,,,,,,,,,,,,,,,,,,,,,,,,,,,,,,,,,89.05134035,83.81407695,63.33076303,58.09541632,52.43221984,49.59186112,46.69386704,41.07779891,35.04759286,32.29262777,30.66445421,29.96842178,30.16117603,31.45423886,33.38457662,35.8794917,41.73250006,46.7519269,46.75192287
Senegal,SEN,"Incidence of malaria (per 1,000 population at risk)",SH.MLR.INCD.P3,,,,,,,,,,,,,,,,,,,,,,,,,,,,,,,,,,,,,,,,,255.6432709,239.510818,193.5051743,164.9342075,125.7300821,110.8478238,117.6694776,101.914268,86.42398394,57.11850386,59.27611007,49.90711084,56.91736824,67.90232694,39.51374064,69.79720066,45.65600832,52.35478737,55.75255053
Singapore,SGP,"Incidence of malaria (per 1,000 population at risk)",SH.MLR.INCD.P3,,,,,,,,,,,,,,,,,,,,,,,,,,,,,,,,,,,,,,,,,,,,,,,,,,,,,,,,,,,
Solomon Islands,SLB,"Incidence of malaria (per 1,000 population at risk)",SH.MLR.INCD.P3,,,,,,,,,,,,,,,,,,,,,,,,,,,,,,,,,,,,,,,,,623.1537825,681.255346,649.7857701,539.9880238,743.5143393,613.7853651,591.2718492,319.1450932,185.880096,147.6481776,174.9486205,116.9097156,94.86017384,94.92145717,52.63348061,66.84966195,137.7121304,164.3434884,133.5902724
Sierra Leone,SLE,"Incidence of malaria (per 1,000 population at risk)",SH.MLR.INCD.P3,,,,,,,,,,,,,,,,,,,,,,,,,,,,,,,,,,,,,,,,,465.77847,468.7969401,458.0018809,439.7920506,414.0480438,388.2593064,374.6020064,379.9443072,413.8459329,442.1484408,458.7356577,453.6522978,447.4682336,432.6978172,409.3084475,403.7188704,391.3311864,364.1306779,320.4002955
El Salvador,SLV,"Incidence of malaria (per 1,000 population at risk)",SH.MLR.INCD.P3,,,,,,,,,,,,,,,,,,,,,,,,,,,,,,,,,,,,,,,,,0.629994252,0.300869113,0.096669129,0.069855531,0.091590743,0.054534459,0.039704501,0.032271624,0.02651139,0.015999898,0.015135499,0.007931818,0.010266146,0.004716933,0.004695166,0.001557634,0.009300199,0,0
San Marino,SMR,"Incidence of malaria (per 1,000 population at risk)",SH.MLR.INCD.P3,,,,,,,,,,,,,,,,,,,,,,,,,,,,,,,,,,,,,,,,,,,,,,,,,,,,,,,,,,,
Somalia,SOM,"Incidence of malaria (per 1,000 population at risk)",SH.MLR.INCD.P3,,,,,,,,,,,,,,,,,,,,,,,,,,,,,,,,,,,,,,,,,125.5839274,125.9605306,126.188162,120.998385,119.9914,136.5642448,120.0676818,100.5631526,63.09933643,38.43658277,29.58538465,24.35339142,24.44766764,28.04547651,32.09920818,37.27226183,37.2624137,37.13495598,34.27427294
Serbia,SRB,"Incidence of malaria (per 1,000 population at risk)",SH.MLR.INCD.P3,,,,,,,,,,,,,,,,,,,,,,,,,,,,,,,,,,,,,,,,,,,,,,,,,,,,,,,,,,,
Sub-Saharan Africa (excluding high income),SSA,"Incidence of malaria (per 1,000 population at risk)",SH.MLR.INCD.P3,,,,,,,,,,,,,,,,,,,,,,,,,,,,,,,,,,,,,,,,,349.7515076,347.4457952,334.1327693,330.1126312,323.8051223,310.0767522,302.5448902,295.745186,289.5603349,288.0992675,279.603453,264.7407204,252.5497304,239.9644688,226.4013787,222.4215093,223.7310949,224.5376286,219.1273345
South Sudan,SSD,"Incidence of malaria (per 1,000 population at risk)",SH.MLR.INCD.P3,,,,,,,,,,,,,,,,,,,,,,,,,,,,,,,,,,,,,,,,,380.0791238,373.7918924,347.2134983,332.8341262,315.7222008,300.6672964,289.3034341,276.7467406,267.1361068,255.0741841,243.9737318,235.8714211,232.6845862,234.3818415,236.1436158,240.3555844,244.5514986,245.7978692,235.9202742
Sub-Saharan Africa,SSF,"Incidence of malaria (per 1,000 population at risk)",SH.MLR.INCD.P3,,,,,,,,,,,,,,,,,,,,,,,,,,,,,,,,,,,,,,,,,349.7515076,347.4457952,334.1327693,330.1126312,323.8051223,310.0767522,302.5448902,295.745186,289.5603349,288.0992675,279.603453,264.7407204,252.5497304,239.9644688,226.4013787,222.4215093,223.7310949,224.5376286,219.1273345
Small states,SST,"Incidence of malaria (per 1,000 population at risk)",SH.MLR.INCD.P3,,,,,,,,,,,,,,,,,,,,,,,,,,,,,,,,,,,,,,,,,,,,,,,,,,,,,,,,,,,
Sao Tome and Principe,STP,"Incidence of malaria (per 1,000 population at risk)",SH.MLR.INCD.P3,,,,,,,,,,,,,,,,,,,,,,,,,,,,,,,,,,,,,,,,,224.758196,290.7294833,343.0722279,283.6075928,302.3755009,115.188732,31.82909028,14.55829029,36.57040007,35.14956475,15.19082784,45.75089014,56.80117201,48.12157688,8.961461628,10.31894464,11.01264141,10.81193321,13.9173206
Suriname,SUR,"Incidence of malaria (per 1,000 population at risk)",SH.MLR.INCD.P3,,,,,,,,,,,,,,,,,,,,,,,,,,,,,,,,,,,,,,,,,163.3313206,227.3508645,180.2316602,152.3838597,114.8993362,123.776603,44.07015851,23.05929723,35.46832858,30.80387766,23.3266369,9.75393763,6.930024268,9.018370755,4.907059558,0.980819529,0.910910551,0.474709834,0.340883712
Slovak Republic,SVK,"Incidence of malaria (per 1,000 population at risk)",SH.MLR.INCD.P3,,,,,,,,,,,,,,,,,,,,,,,,,,,,,,,,,,,,,,,,,,,,,,,,,,,,,,,,,,,
Slovenia,SVN,"Incidence of malaria (per 1,000 population at risk)",SH.MLR.INCD.P3,,,,,,,,,,,,,,,,,,,,,,,,,,,,,,,,,,,,,,,,,,,,,,,,,,,,,,,,,,,
Sweden,SWE,"Incidence of malaria (per 1,000 population at risk)",SH.MLR.INCD.P3,,,,,,,,,,,,,,,,,,,,,,,,,,,,,,,,,,,,,,,,,,,,,,,,,,,,,,,,,,,
Eswatini,SWZ,"Incidence of malaria (per 1,000 population at risk)",SH.MLR.INCD.P3,,,,,,,,,,,,,,,,,,,,,,,,,,,,,,,,,,,,,,,,,2.884342143,4.915260209,2.348117125,1.194209133,1.997494432,0.966866624,0.534287467,0.287728384,0.197288977,0.358000466,0.898861331,1.828975774,1.85970172,3.161187713,2.318937007,0.507876945,1.12208978,2.29880678,0.842354065
Sint Maarten (Dutch part),SXM,"Incidence of malaria (per 1,000 population at risk)",SH.MLR.INCD.P3,,,,,,,,,,,,,,,,,,,,,,,,,,,,,,,,,,,,,,,,,,,,,,,,,,,,,,,,,,,
Seychelles,SYC,"Incidence of malaria (per 1,000 population at risk)",SH.MLR.INCD.P3,,,,,,,,,,,,,,,,,,,,,,,,,,,,,,,,,,,,,,,,,,,,,,,,,,,,,,,,,,,
Syrian Arab Republic,SYR,"Incidence of malaria (per 1,000 population at risk)",SH.MLR.INCD.P3,,,,,,,,,,,,,,,,,,,,,,,,,,,,,,,,,,,,,,,,,0.000365612,0.00375748,0.000877982,0.000114842,5.61E-05,0,0,0,0,0,0,0,0,0,0,0,0,0,0
Turks and Caicos Islands,TCA,"Incidence of malaria (per 1,000 population at risk)",SH.MLR.INCD.P3,,,,,,,,,,,,,,,,,,,,,,,,,,,,,,,,,,,,,,,,,,,,,,,,,,,,,,,,,,,
Chad,TCD,"Incidence of malaria (per 1,000 population at risk)",SH.MLR.INCD.P3,,,,,,,,,,,,,,,,,,,,,,,,,,,,,,,,,,,,,,,,,241.7892467,244.9903933,211.3807285,203.9444065,195.4569097,198.9212618,205.6306996,210.7118611,215.0985253,222.9130902,225.9412138,210.483636,195.3364093,179.3512435,170.2747521,167.2837741,169.9336063,172.3014851,164.8319582
East Asia & Pacific (IDA & IBRD countries),TEA,"Incidence of malaria (per 1,000 population at risk)",SH.MLR.INCD.P3,,,,,,,,,,,,,,,,,,,,,,,,,,,,,,,,,,,,,,,,,7.282594259,6.761447989,6.289286182,6.357316003,6.378229882,6.591728389,5.861126305,5.356396601,5.424310168,5.841042809,6.634221384,5.313370377,5.972695915,4.582186804,4.161294097,2.982451838,3.17654548,3.550098858,2.915873382
Europe & Central Asia (IDA & IBRD countries),TEC,"Incidence of malaria (per 1,000 population at risk)",SH.MLR.INCD.P3,,,,,,,,,,,,,,,,,,,,,,,,,,,,,,,,,,,,,,,,,,,,,,,,,,,,,,,,,,,
Togo,TGO,"Incidence of malaria (per 1,000 population at risk)",SH.MLR.INCD.P3,,,,,,,,,,,,,,,,,,,,,,,,,,,,,,,,,,,,,,,,,442.0208244,439.8628681,440.3144867,451.1358791,466.2323031,470.3770357,460.0660676,434.4946929,379.9032682,326.8781476,308.876782,313.4008668,349.7015784,385.3867035,384.682986,364.3139398,324.8601323,278.1997372,267.3086076
Thailand,THA,"Incidence of malaria (per 1,000 population at risk)",SH.MLR.INCD.P3,,,,,,,,,,,,,,,,,,,,,,,,,,,,,,,,,,,,,,,,,6.576333637,5.268831232,3.664701713,3.04960907,2.164000597,2.399161043,2.425709154,2.641804498,2.454485134,2.805390966,2.547238611,1.943192318,2.530085206,2.575313736,2.919903507,1.336487465,1.027724808,0.952924538,0.362967232
Tajikistan,TJK,"Incidence of malaria (per 1,000 population at risk)",SH.MLR.INCD.P3,,,,,,,,,,,,,,,,,,,,,,,,,,,,,,,,,,,,,,,,,9.181925324,5.395705612,2.869693106,2.484350378,1.612411796,1.018242819,0.581278423,0.269189845,0.132053549,0.066671355,0.04415011,0.025282316,0.006843599,0.001114427,0.000725573,0,0,0,0
Turkmenistan,TKM,"Incidence of malaria (per 1,000 population at risk)",SH.MLR.INCD.P3,,,,,,,,,,,,,,,,,,,,,,,,,,,,,,,,,,,,,,,,,0.005314287,0.001752815,0.00390454,0.001503517,0.000637837,0.00021032,0.000207895,0,0,0,0,0,0,0,0,0,0,0,0
Latin America & the Caribbean (IDA & IBRD countries),TLA,"Incidence of malaria (per 1,000 population at risk)",SH.MLR.INCD.P3,,,,,,,,,,,,,,,,,,,,,,,,,,,,,,,,,,,,,,,,,14.24633045,11.79873798,10.57899182,10.18343268,9.908421798,10.89752318,9.217740438,8.157851423,5.673903023,5.471032608,6.444163263,4.778244118,4.483687927,4.284267583,3.599200721,4.22444481,5.106589744,6.910309392,6.735049137
Timor-Leste,TLS,"Incidence of malaria (per 1,000 population at risk)",SH.MLR.INCD.P3,,,,,,,,,,,,,,,,,,,,,,,,,,,,,,,,,,,,,,,,,122.5470512,118.0084946,84.78728565,51.89696497,181.262923,120.7687763,126.7688877,115.1885852,135.1607834,102.0738814,99.7400976,31.26853632,7.26352033,1.559909946,0.514273349,0.123541829,0.113363657,0.031642944,0
Middle East & North Africa (IDA & IBRD countries),TMN,"Incidence of malaria (per 1,000 population at risk)",SH.MLR.INCD.P3,,,,,,,,,,,,,,,,,,,,,,,,,,,,,,,,,,,,,,,,,4.996126079,5.148946348,4.969463234,4.499478511,3.520091155,3.650154122,4.238954896,5.696185415,3.52988623,4.458632677,7.010569869,4.84072337,5.16705823,4.150535193,3.470587654,3.005125096,3.89789817,4.331216894,4.851971294
Tonga,TON,"Incidence of malaria (per 1,000 population at risk)",SH.MLR.INCD.P3,,,,,,,,,,,,,,,,,,,,,,,,,,,,,,,,,,,,,,,,,,,,,,,,,,,,,,,,,,,
South Asia (IDA & IBRD),TSA,"Incidence of malaria (per 1,000 population at risk)",SH.MLR.INCD.P3,,,,,,,,,,,,,,,,,,,,,,,,,,,,,,,,,,,,,,,,,19.33784517,19.1919039,18.07390165,18.25534602,19.10039208,20.23257191,16.35269848,15.59760446,15.97488943,16.31713641,15.99331075,14.04142695,11.26248319,8.781662534,8.844404443,8.989820345,9.572695265,7.340613691,5.41030223
Sub-Saharan Africa (IDA & IBRD countries),TSS,"Incidence of malaria (per 1,000 population at risk)",SH.MLR.INCD.P3,,,,,,,,,,,,,,,,,,,,,,,,,,,,,,,,,,,,,,,,,349.7515076,347.4457952,334.1327693,330.1126312,323.8051223,310.0767522,302.5448902,295.745186,289.5603349,288.0992675,279.603453,264.7407204,252.5497304,239.9644688,226.4013787,222.4215093,223.7310949,224.5376286,219.1273345
Trinidad and Tobago,TTO,"Incidence of malaria (per 1,000 population at risk)",SH.MLR.INCD.P3,,,,,,,,,,,,,,,,,,,,,,,,,,,,,,,,,,,,,,,,,,,,,,,,,,,,,,,,,,,
Tunisia,TUN,"Incidence of malaria (per 1,000 population at risk)",SH.MLR.INCD.P3,,,,,,,,,,,,,,,,,,,,,,,,,,,,,,,,,,,,,,,,,,,,,,,,,,,,,,,,,,,
Turkey,TUR,"Incidence of malaria (per 1,000 population at risk)",SH.MLR.INCD.P3,,,,,,,,,,,,,,,,,,,,,,,,,,,,,,,,,,,,,,,,,2.781094397,2.591255352,2.41448236,2.146742489,1.217252756,0.472163642,0.178108258,0.069204611,0.036266642,0.008196914,0,0,0,0,0,0,0,0,0
Tuvalu,TUV,"Incidence of malaria (per 1,000 population at risk)",SH.MLR.INCD.P3,,,,,,,,,,,,,,,,,,,,,,,,,,,,,,,,,,,,,,,,,,,,,,,,,,,,,,,,,,,
Tanzania,TZA,"Incidence of malaria (per 1,000 population at risk)",SH.MLR.INCD.P3,,,,,,,,,,,,,,,,,,,,,,,,,,,,,,,,,,,,,,,,,342.6803291,331.2141573,301.0948983,277.2003561,252.1466025,228.9417179,205.8321006,184.5347025,171.0002766,157.1147957,145.4565602,132.4801548,116.2452376,111.7792266,118.944116,121.7437032,123.5653161,123.9576333,124.2653353
Uganda,UGA,"Incidence of malaria (per 1,000 population at risk)",SH.MLR.INCD.P3,,,,,,,,,,,,,,,,,,,,,,,,,,,,,,,,,,,,,,,,,495.2515118,516.3422209,508.3915171,492.0996082,457.2345859,405.3636698,377.7139262,377.9356437,410.4602781,433.7915812,417.3454285,385.7033169,331.7703502,254.2358394,220.6185709,236.1121376,304.4121248,336.759267,289.184576
Ukraine,UKR,"Incidence of malaria (per 1,000 population at risk)",SH.MLR.INCD.P3,,,,,,,,,,,,,,,,,,,,,,,,,,,,,,,,,,,,,,,,,,,,,,,,,,,,,,,,,,,
Upper middle income,UMC,"Incidence of malaria (per 1,000 population at risk)",SH.MLR.INCD.P3,,,,,,,,,,,,,,,,,,,,,,,,,,,,,,,,,,,,,,,,,3.355660518,3.083705581,2.766217142,2.611674206,2.493183992,2.492509347,2.243077494,2.005031781,1.584874204,1.59915145,1.81751026,1.650056696,1.758999277,1.826032441,1.816584379,1.806041754,1.770103098,1.879042828,1.784678197
Uruguay,URY,"Incidence of malaria (per 1,000 population at risk)",SH.MLR.INCD.P3,,,,,,,,,,,,,,,,,,,,,,,,,,,,,,,,,,,,,,,,,,,,,,,,,,,,,,,,,,,
United States,USA,"Incidence of malaria (per 1,000 population at risk)",SH.MLR.INCD.P3,,,,,,,,,,,,,,,,,,,,,,,,,,,,,,,,,,,,,,,,,,,,,,,,,,,,,,,,,,,
Uzbekistan,UZB,"Incidence of malaria (per 1,000 population at risk)",SH.MLR.INCD.P3,,,,,,,,,,,,,,,,,,,,,,,,,,,,,,,,,,,,,,,,,0.072668718,0.04380979,0.041568877,0.041055526,0.036155825,0.055136804,0.03890669,0.01575358,0.003619651,0,0.001502921,0,0,0,0,0,0,0,0
St. Vincent and the Grenadines,VCT,"Incidence of malaria (per 1,000 population at risk)",SH.MLR.INCD.P3,,,,,,,,,,,,,,,,,,,,,,,,,,,,,,,,,,,,,,,,,,,,,,,,,,,,,,,,,,,
"Venezuela, RB",VEN,"Incidence of malaria (per 1,000 population at risk)",SH.MLR.INCD.P3,,,,,,,,,,,,,,,,,,,,,,,,,,,,,,,,,,,,,,,,,2.937280262,1.934800399,2.792066391,2.937112725,4.2317082,4.010147529,3.25167159,3.585783702,2.713579106,2.992614251,4.073566676,3.706676629,4.207511056,6.173322455,7.037985456,10.57030248,18.79104016,32.63404992,32.67858238
British Virgin Islands,VGB,"Incidence of malaria (per 1,000 population at risk)",SH.MLR.INCD.P3,,,,,,,,,,,,,,,,,,,,,,,,,,,,,,,,,,,,,,,,,,,,,,,,,,,,,,,,,,,
Virgin Islands (U.S.),VIR,"Incidence of malaria (per 1,000 population at risk)",SH.MLR.INCD.P3,,,,,,,,,,,,,,,,,,,,,,,,,,,,,,,,,,,,,,,,,,,,,,,,,,,,,,,,,,,
Vietnam,VNM,"Incidence of malaria (per 1,000 population at risk)",SH.MLR.INCD.P3,,,,,,,,,,,,,,,,,,,,,,,,,,,,,,,,,,,,,,,,,3.419993581,3.111349457,2.187570103,1.592471306,0.923919337,0.657195471,0.699462185,0.445123636,0.281794715,0.356043208,0.354135079,0.308501587,0.36018296,0.310389703,0.281985625,0.165192847,0.072798965,0.078614872,0.082282062
Vanuatu,VUT,"Incidence of malaria (per 1,000 population at risk)",SH.MLR.INCD.P3,,,,,,,,,,,,,,,,,,,,,,,,,,,,,,,,,,,,,,,,,125.2514003,98.84307829,189.014423,214.5506634,162.1669288,122.4376678,107.0207436,124.4486567,119.141077,64.65749379,66.33335591,47.9316569,33.64261237,20.75304808,9.197083611,2.902688029,15.00758104,7.936980515,3.987357991
World,WLD,"Incidence of malaria (per 1,000 population at risk)",SH.MLR.INCD.P3,,,,,,,,,,,,,,,,,,,,,,,,,,,,,,,,,,,,,,,,,80.57596556,80.50775792,77.81792034,77.74608713,77.43445944,75.81201886,73.14444971,71.97707029,71.33355869,72.02712914,71.1256554,67.21256858,64.25183532,60.63089336,57.98655227,57.42955312,58.80129153,58.98838665,57.43316993
Samoa,WSM,"Incidence of malaria (per 1,000 population at risk)",SH.MLR.INCD.P3,,,,,,,,,,,,,,,,,,,,,,,,,,,,,,,,,,,,,,,,,,,,,,,,,,,,,,,,,,,
Kosovo,XKX,"Incidence of malaria (per 1,000 population at risk)",SH.MLR.INCD.P3,,,,,,,,,,,,,,,,,,,,,,,,,,,,,,,,,,,,,,,,,,,,,,,,,,,,,,,,,,,
"Yemen, Rep.",YEM,"Incidence of malaria (per 1,000 population at risk)",SH.MLR.INCD.P3,,,,,,,,,,,,,,,,,,,,,,,,,,,,,,,,,,,,,,,,,47.46849212,48.59538134,46.67027663,41.21620543,32.21809748,32.83548144,38.24942227,51.42224113,31.66261001,40.02486929,62.76078663,42.73207493,45.09289887,35.7598441,29.13337715,24.89511961,37.75155447,41.63530579,45.83874642
South Africa,ZAF,"Incidence of malaria (per 1,000 population at risk)",SH.MLR.INCD.P3,,,,,,,,,,,,,,,,,,,,,,,,,,,,,,,,,,,,,,,,,4.23059124,5.816383875,3.39083238,2.880828439,2.833272117,1.619654227,2.494975197,1.288076326,1.566107474,1.202923866,1.573697463,1.897170877,1.253202328,1.610255868,2.145966811,0.208896198,0.769112526,3.949675275,1.650732655
Zambia,ZMB,"Incidence of malaria (per 1,000 population at risk)",SH.MLR.INCD.P3,,,,,,,,,,,,,,,,,,,,,,,,,,,,,,,,,,,,,,,,,385.6526851,391.1016604,363.8463086,339.0412322,299.2623526,255.8924226,222.5154635,195.7398401,176.7235492,171.995579,177.0226722,186.699768,203.0810884,225.769369,222.9789063,202.5492195,181.3905491,160.0459676,156.7012919
Zimbabwe,ZWE,"Incidence of malaria (per 1,000 population at risk)",SH.MLR.INCD.P3,,,,,,,,,,,,,,,,,,,,,,,,,,,,,,,,,,,,,,,,,122.995695,122.1219475,121.5019484,120.9362211,120.1789536,119.0514723,117.5129668,175.1204739,74.72573331,90.50078624,109.4268529,70.67823409,57.21867894,81.95160632,101.8936038,97.64642873,65.77940029,108.5499901,51.00378117
